RC,MIN,MAX,MEAN,START,END,DURATION,CV,A1,A2,A3,A4,IS_FP
29,-75.0,-52.5,-67.05172413793103,1579097769995182,1579097796863618,26868436,-0.0718278488885664,6,15,4,4,0
4,-75.5,-73.0,-74.75,1579097768082802,1579097793174566,25091764,-0.013789650921798196,0,0,0,4,0
60,-70.0,-68.0,-69.225,1579097767038055,1579097797509455,30471400,-0.005812017674045172,0,0,0,60,1
